isco_code,title,definition,tasks,major_code,major_group,prompt_text
11,"Chief Executives, Senior Officials and Legislators","Chief executives, senior officials and legislators formulate and review the policies, and plan, direct, coordinate and evaluate the overall activities, of enterprises, governments and other organizations with the support of other managers. Competent performance in most occupations in this sub-major group requires skills at the fourth ISCO skill level.","Tasks performed by workers in this sub-major group usually include: presiding over or participating in the proceedings of legislative bodies, boards of directors and committees; formulating and advising on the policy budgets, laws and regulations of enterprises, governments and other organizations; establishing objectives for enterprises, government departments or agencies and other organizations; formulating or approving and evaluating programmes and policies and  procedures for their implementation; ensuring appropriate systems and procedures are developed and implemented to provide budgetary control; authorizing material, human and financial resources to implement policies and programmmes; monitoring and evaluating performance of the organization or enterprise; selecting or approving the selection of senior staff; performing ceremonial duties and representing the enterprise, government, organization or community at official occasions and in meetings, negotiations, conventions and public hearings.",1,Managers,"Major group:
Managers

Sub-major group:
Chief Executives, Senior Officials and Legislators

Definition:
Chief executives, senior officials and legislators formulate and review the policies, and plan, direct, coordinate and evaluate the overall activities, of enterprises, governments and other organizations with the support of other managers. Competent performance in most occupations in this sub-major group requires skills at the fourth ISCO skill level.

Tasks include:
Tasks performed by workers in this sub-major group usually include: presiding over or participating in the proceedings of legislative bodies, boards of directors and committees; formulating and advising on the policy budgets, laws and regulations of enterprises, governments and other organizations; establishing objectives for enterprises, government departments or agencies and other organizations; formulating or approving and evaluating programmes and policies and  procedures for their implementation; ensuring appropriate systems and procedures are developed and implemented to provide budgetary control; authorizing material, human and financial resources to implement policies and programmmes; monitoring and evaluating performance of the organization or enterprise; selecting or approving the selection of senior staff; performing ceremonial duties and representing the enterprise, government, organization or community at official occasions and in meetings, negotiations, conventions and public hearings."
12,Administrative and Commercial Managers,"Administrative and commercial managers plan, organize, direct, control and coordinate the financial, administrative, human resource, policy, planning, research and development, advertising, public relations, and sales and marketing activities of enterprises and organizations, or of enterprises that provide such services to other enterprises and organizations. Competent performance in most occupations in this sub-major group requires skills at the fourth ISCO skill level.","Tasks performed by workers in this sub-major group usually include: formulating and administering policy advice, strategic and financial planning; establishing and directing operational and administrative procedures; implementing, monitoring and evaluating strategies and policies; providing advice to senior Managers; directing the development of initiatives for new products, marketing, public relations and advertising campaigns; determining and directing sales activities, product mix, customer service standards; setting prices and credit arrangements; ensuring compliance with relevant legislation, regulations and standards; controlling selection, training and performance of staff; preparing budgets and overseeing financial operations; consulting with the chief executive and with managers of other departments or sections; controlling expenditure and ensuring the efficient use of resources; representing the enterprise or organization in negotiations, and at conventions, seminars, public hearings and forums.",1,Managers,"Major group:
Managers

Sub-major group:
Administrative and Commercial Managers

Definition:
Administrative and commercial managers plan, organize, direct, control and coordinate the financial, administrative, human resource, policy, planning, research and development, advertising, public relations, and sales and marketing activities of enterprises and organizations, or of enterprises that provide such services to other enterprises and organizations. Competent performance in most occupations in this sub-major group requires skills at the fourth ISCO skill level.

Tasks include:
Tasks performed by workers in this sub-major group usually include: formulating and administering policy advice, strategic and financial planning; establishing and directing operational and administrative procedures; implementing, monitoring and evaluating strategies and policies; providing advice to senior Managers; directing the development of initiatives for new products, marketing, public relations and advertising campaigns; determining and directing sales activities, product mix, customer service standards; setting prices and credit arrangements; ensuring compliance with relevant legislation, regulations and standards; controlling selection, training and performance of staff; preparing budgets and overseeing financial operations; consulting with the chief executive and with managers of other departments or sections; controlling expenditure and ensuring the efficient use of resources; representing the enterprise or organization in negotiations, and at conventions, seminars, public hearings and forums."
13,Production and Specialized Services Managers,"Production and specialized services managers plan direct and coordinate the production of the goods and the provision of the specialized professional and technical services provided by an enterprise or organization either as the manager of a department or as the general manager of an enterprise or organization that does not have a hierarchy of managers. They are responsible for manufacturing, mining, construction, logistics, information and communications technology operations, for large scale agricultural, forestry and fisheries operations, and for the provision of health, education, social welfare, banking, insurance and other professional and technical services. Competent performance in most occupations in this sub-major group requires skills at the fourth ISCO skill level.","Tasks performed by workers in this sub-major group usually include: planning details of activities in terms of output, services provided, quality, quantity, cost, timeliness and labour requirements; setting standards and objectives; controlling the operation of plant and of procedures; assuring quality of the goods produced and services provided; preparing tenders and contract bids; establishing and managing budgets, monitoring costs, and adjusting activities, procedures and resources to minimize costs; overseeing the acquisition and installation of new plant and equipment; coordinating the implementation of health and safety requirements; planning and directing daily operations; overseeing the selection, training and performance of staff; preparing, or arranging for the preparation of, reports, budgets and forecasts; representing the enterprise or organization in negotiations with other agencies, and at conventions, seminars, public hearings and forums.",1,Managers,"Major group:
Managers

Sub-major group:
Production and Specialized Services Managers

Definition:
Production and specialized services managers plan direct and coordinate the production of the goods and the provision of the specialized professional and technical services provided by an enterprise or organization either as the manager of a department or as the general manager of an enterprise or organization that does not have a hierarchy of managers. They are responsible for manufacturing, mining, construction, logistics, information and communications technology operations, for large scale agricultural, forestry and fisheries operations, and for the provision of health, education, social welfare, banking, insurance and other professional and technical services. Competent performance in most occupations in this sub-major group requires skills at the fourth ISCO skill level.

Tasks include:
Tasks performed by workers in this sub-major group usually include: planning details of activities in terms of output, services provided, quality, quantity, cost, timeliness and labour requirements; setting standards and objectives; controlling the operation of plant and of procedures; assuring quality of the goods produced and services provided; preparing tenders and contract bids; establishing and managing budgets, monitoring costs, and adjusting activities, procedures and resources to minimize costs; overseeing the acquisition and installation of new plant and equipment; coordinating the implementation of health and safety requirements; planning and directing daily operations; overseeing the selection, training and performance of staff; preparing, or arranging for the preparation of, reports, budgets and forecasts; representing the enterprise or organization in negotiations with other agencies, and at conventions, seminars, public hearings and forums."
14,"Hospitality, Retail and Other Services Managers","Hospitality, shop and related services managers plan, organize and direct the operations of establishments which provide accommodation, hospitality, retail and other services. Competent performance in most occupations in this sub-major group requires skills at the third ISCO skill level.","Tasks performed by workers in this sub-major group usually include: planning and organizing special functions, sporting, gaming and entertainment activities and the range and mix of products, stock levels and service standards; promoting and selling goods and services; observing liquor, gaming, health and other laws and regulations; developing and reviewing policies, programmes and procedures concerning customer relations and goods and services provided; promoting facilities for conferences, conventions and trade shows to potential customers; organizing the purchase and maintenance of transport vehicles, equipment and fuel, and transporting goods; controlling the selection, training and supervision of staff; ensuring compliance with occupational health and safety regulations.",1,Managers,"Major group:
Managers

Sub-major group:
Hospitality, Retail and Other Services Managers

Definition:
Hospitality, shop and related services managers plan, organize and direct the operations of establishments which provide accommodation, hospitality, retail and other services. Competent performance in most occupations in this sub-major group requires skills at the third ISCO skill level.

Tasks include:
Tasks performed by workers in this sub-major group usually include: planning and organizing special functions, sporting, gaming and entertainment activities and the range and mix of products, stock levels and service standards; promoting and selling goods and services; observing liquor, gaming, health and other laws and regulations; developing and reviewing policies, programmes and procedures concerning customer relations and goods and services provided; promoting facilities for conferences, conventions and trade shows to potential customers; organizing the purchase and maintenance of transport vehicles, equipment and fuel, and transporting goods; controlling the selection, training and supervision of staff; ensuring compliance with occupational health and safety regulations."
21,Science and Engineering Professionals,"Science and engineering professionals conduct research, improve or develop concepts, theories and operational methods, or apply scientific knowledge relating to fields such as physics, astronomy, meteorology, chemistry, geophysics, geology, biology, ecology, pharmacology, medicine, mathematics, statistics, architecture, engineering, design and technology. Competent performance in most occupations in this sub-major group requires skills at the fourth ISCO skill level.","Tasks performed by workers in this sub-major group usually include: conducting research, enlarging, advising on or applying scientific knowledge obtained through the study of structures and properties of physical matter and phenomena, chemical characteristics and processes of various substances, materials and products, all forms of human, animal and plant life and of mathematical and statistical concepts and methods; advising on, designing and directing construction of buildings, towns and traffic systems, or civil engineering and industrial  structures, as well as machines and other equipment; advising on and applying mining methods and ensuring their optimum use; surveying land and  sea and making maps; studying and advising on technological aspects of particular materials, products and processes, and on efficiency of production and work organization; preparing scientific papers and reports. Supervision of other workers may be included.",2,Professionals,"Major group:
Professionals

Sub-major group:
Science and Engineering Professionals

Definition:
Science and engineering professionals conduct research, improve or develop concepts, theories and operational methods, or apply scientific knowledge relating to fields such as physics, astronomy, meteorology, chemistry, geophysics, geology, biology, ecology, pharmacology, medicine, mathematics, statistics, architecture, engineering, design and technology. Competent performance in most occupations in this sub-major group requires skills at the fourth ISCO skill level.

Tasks include:
Tasks performed by workers in this sub-major group usually include: conducting research, enlarging, advising on or applying scientific knowledge obtained through the study of structures and properties of physical matter and phenomena, chemical characteristics and processes of various substances, materials and products, all forms of human, animal and plant life and of mathematical and statistical concepts and methods; advising on, designing and directing construction of buildings, towns and traffic systems, or civil engineering and industrial  structures, as well as machines and other equipment; advising on and applying mining methods and ensuring their optimum use; surveying land and  sea and making maps; studying and advising on technological aspects of particular materials, products and processes, and on efficiency of production and work organization; preparing scientific papers and reports. Supervision of other workers may be included."
22,Health Professionals,"Health professionals conduct research; improve or develop concepts, theories and operational methods; and apply scientific  knowledge relating to medicine, nursing, dentistry, veterinary medicine, pharmacy, and  promotion of health. Competent performance in most occupations in this sub-major group requires skills at the fourth ISCO skill level.","Tasks performed by workers in this sub-major group usually include: conducting research and obtaining scientific knowledge through the study of human and animal disorders and illnesses and ways of treating them; advising on or applying preventive and curative measures, or promoting health; preparing scientific papers and reports. Supervision of other workers may be included.",2,Professionals,"Major group:
Professionals

Sub-major group:
Health Professionals

Definition:
Health professionals conduct research; improve or develop concepts, theories and operational methods; and apply scientific  knowledge relating to medicine, nursing, dentistry, veterinary medicine, pharmacy, and  promotion of health. Competent performance in most occupations in this sub-major group requires skills at the fourth ISCO skill level.

Tasks include:
Tasks performed by workers in this sub-major group usually include: conducting research and obtaining scientific knowledge through the study of human and animal disorders and illnesses and ways of treating them; advising on or applying preventive and curative measures, or promoting health; preparing scientific papers and reports. Supervision of other workers may be included."
23,Teaching Professionals,"Teaching professionals teach the theory and practice of one or more  disciplines at different educational levels; conduct research; improve or develop concepts, theories and operational methods pertaining to their  particular discipline; and prepare scholarly papers and books. Competent performance in most occupations in this sub-major group requires skills at the fourth ISCO skill level.","Tasks performed by workers in this sub-major group usually include: conducting classes, courses or tutorials at a particular educational level for educational and vocational purposes, including private lessons; conducting adult literacy programmes; teaching and educating persons with learning difficulties or special needs; designing and modifying curricula; inspecting and advising on teaching methods and aids; participating in decisions concerning the organization of teaching and related activities at schools and universities; conducting research in particular subjects to improve or develop concepts, theories or operational methods for application in industrial and other fields; preparing scholarly papers and books. Supervision of other workers may be included.",2,Professionals,"Major group:
Professionals

Sub-major group:
Teaching Professionals

Definition:
Teaching professionals teach the theory and practice of one or more  disciplines at different educational levels; conduct research; improve or develop concepts, theories and operational methods pertaining to their  particular discipline; and prepare scholarly papers and books. Competent performance in most occupations in this sub-major group requires skills at the fourth ISCO skill level.

Tasks include:
Tasks performed by workers in this sub-major group usually include: conducting classes, courses or tutorials at a particular educational level for educational and vocational purposes, including private lessons; conducting adult literacy programmes; teaching and educating persons with learning difficulties or special needs; designing and modifying curricula; inspecting and advising on teaching methods and aids; participating in decisions concerning the organization of teaching and related activities at schools and universities; conducting research in particular subjects to improve or develop concepts, theories or operational methods for application in industrial and other fields; preparing scholarly papers and books. Supervision of other workers may be included."
24,Business and Administration Professionals,"Business and administration professionals perform analytical, conceptual and practical tasks to provide services in financial matters, human resource development, public relations, marketing and sales in the technical, medical, information and communication technology areas; and conduct, reviews of organizational structures, methods and systems as well as quantitative analyses of information affecting investment programmes. Competent performance in most occupations in this sub-major group requires skills at the fourth ISCO skill level.","Tasks performed by workers in this sub-major group usually include: collecting, analysing and interpreting information on the financial viability, cost structures and trading effectiveness of organizations; conducting audits, preparing financial statements and controlling treasury systems for organizations; developing and reviewing financial plans and strategies, executing buy and sell orders, and negotiating the purchase and sale of commodities; developing, implementing and evaluating staff recruitment, training and development programmes; researching, developing and implementing marketing and public relations campaigns; studying and developing methods and policies to improve and promote government and business operations and effectiveness; acquiring and updating knowledge of employers’ and competitors’ goods and services, and market conditions; assessing customers’ needs and explaining and demonstrating goods and services to them.",2,Professionals,"Major group:
Professionals

Sub-major group:
Business and Administration Professionals

Definition:
Business and administration professionals perform analytical, conceptual and practical tasks to provide services in financial matters, human resource development, public relations, marketing and sales in the technical, medical, information and communication technology areas; and conduct, reviews of organizational structures, methods and systems as well as quantitative analyses of information affecting investment programmes. Competent performance in most occupations in this sub-major group requires skills at the fourth ISCO skill level.

Tasks include:
Tasks performed by workers in this sub-major group usually include: collecting, analysing and interpreting information on the financial viability, cost structures and trading effectiveness of organizations; conducting audits, preparing financial statements and controlling treasury systems for organizations; developing and reviewing financial plans and strategies, executing buy and sell orders, and negotiating the purchase and sale of commodities; developing, implementing and evaluating staff recruitment, training and development programmes; researching, developing and implementing marketing and public relations campaigns; studying and developing methods and policies to improve and promote government and business operations and effectiveness; acquiring and updating knowledge of employers’ and competitors’ goods and services, and market conditions; assessing customers’ needs and explaining and demonstrating goods and services to them."
25,Information and Communications Technology Professionals,"Information and communications technology professionals conduct research, plan, design, write, test, provide advice and improve information technology systems, hardware, software and related concepts for specific applications; develop associated documentation including principles, policies and procedures; and design, develop, control, maintain and support databases and other information systems to ensure optimal performance and data integrity and security.","Tasks performed by workers in this sub-major group usually include: researching information technology use in business functions; identifying areas for improvement and researching the theoretical aspects and operational methods for the use of computers; evaluating, planning and designing hardware or software configurations for specific applications including for Internet, Intranet and multimedia systems; designing, writing, testing and maintaining computer programmes; designing and developing database architecture and database management systems; developing and implementing security plans and data administration policy, and administering computer networks and related computing environments; analysing, developing, interpreting and evaluating complex system design and architecture specifications, data models and diagrams in the development, configuration and integration of computer systems.",2,Professionals,"Major group:
Professionals

Sub-major group:
Information and Communications Technology Professionals

Definition:
Information and communications technology professionals conduct research, plan, design, write, test, provide advice and improve information technology systems, hardware, software and related concepts for specific applications; develop associated documentation including principles, policies and procedures; and design, develop, control, maintain and support databases and other information systems to ensure optimal performance and data integrity and security.

Tasks include:
Tasks performed by workers in this sub-major group usually include: researching information technology use in business functions; identifying areas for improvement and researching the theoretical aspects and operational methods for the use of computers; evaluating, planning and designing hardware or software configurations for specific applications including for Internet, Intranet and multimedia systems; designing, writing, testing and maintaining computer programmes; designing and developing database architecture and database management systems; developing and implementing security plans and data administration policy, and administering computer networks and related computing environments; analysing, developing, interpreting and evaluating complex system design and architecture specifications, data models and diagrams in the development, configuration and integration of computer systems."
26,"Legal, Social and Cultural Professionals","Legal, social and cultural professionals conduct research, improve or develop concepts, theories and operational methods; or apply knowledge relating to the law,  storage and retrieval of information and artefacts, psychology, social welfare, politics, economics, history, religion, languages, sociology, other social sciences, and arts and entertainment. Competent performance in most occupations in this sub-major group requires skills at the fourth ISCO skill level.","Tasks performed by workers in this sub-major group usually include: conducting research on legal problems; drafting laws and regulations; advising clients on legal cases; pleading and conducting cases in a court of law; presiding over judicial proceedings in a court of law; developing and maintaining library and gallery collections of archives; conducting research, improving or developing concepts, theories and operational methods or applying knowledge relating to the field of social sciences; conceiving, creating and performing in literary and artistic works; interpreting and communicating news, ideas, impressions and facts.",2,Professionals,"Major group:
Professionals

Sub-major group:
Legal, Social and Cultural Professionals

Definition:
Legal, social and cultural professionals conduct research, improve or develop concepts, theories and operational methods; or apply knowledge relating to the law,  storage and retrieval of information and artefacts, psychology, social welfare, politics, economics, history, religion, languages, sociology, other social sciences, and arts and entertainment. Competent performance in most occupations in this sub-major group requires skills at the fourth ISCO skill level.

Tasks include:
Tasks performed by workers in this sub-major group usually include: conducting research on legal problems; drafting laws and regulations; advising clients on legal cases; pleading and conducting cases in a court of law; presiding over judicial proceedings in a court of law; developing and maintaining library and gallery collections of archives; conducting research, improving or developing concepts, theories and operational methods or applying knowledge relating to the field of social sciences; conceiving, creating and performing in literary and artistic works; interpreting and communicating news, ideas, impressions and facts."
31,Science and Engineering Associate Professionals,"Science and engineering associate professionals perform technical tasks connected with research and operational methods in science and engineering. They supervise and control technical and operational aspects of mining, manufacturing, construction and other engineering operations, and operate technical equipment including aircraft and ships. Competent performance in most occupations in this sub-major group requires skills at the third ISCO skill level.","Tasks performed by workers in this sub-major group usually include: setting up, monitoring and operating instruments and equipment, conducting and monitoring experiments and tests of systems; collecting and testing samples; recording observations and analysing data; preparing, revising and interpreting technical drawings and diagrams; coordinating, supervising, controlling and scheduling the activities of other workers; operating and monitoring switchboards, computerized control systems, and multi-function process control machinery; performing technical functions to ensure safe and efficient movement and operations ships, aircraft and other equipment.",3,Technicians and Associate Professionals,"Major group:
Technicians and Associate Professionals

Sub-major group:
Science and Engineering Associate Professionals

Definition:
Science and engineering associate professionals perform technical tasks connected with research and operational methods in science and engineering. They supervise and control technical and operational aspects of mining, manufacturing, construction and other engineering operations, and operate technical equipment including aircraft and ships. Competent performance in most occupations in this sub-major group requires skills at the third ISCO skill level.

Tasks include:
Tasks performed by workers in this sub-major group usually include: setting up, monitoring and operating instruments and equipment, conducting and monitoring experiments and tests of systems; collecting and testing samples; recording observations and analysing data; preparing, revising and interpreting technical drawings and diagrams; coordinating, supervising, controlling and scheduling the activities of other workers; operating and monitoring switchboards, computerized control systems, and multi-function process control machinery; performing technical functions to ensure safe and efficient movement and operations ships, aircraft and other equipment."
32,Health Associate Professionals,"Health associate professionals perform technical and practical tasks to support diagnosis and treatment of illness, disease, injuries and impairments in humans and animals, and to support implementation of health care, treatment and referral plans usually established by medical, veterinary, nursing and other health professionals. Competent performance in most occupations in this sub-major group requires skills at the third ISCO skill level.","Tasks performed by workers in the sub-major group usually include: testing and operating medical imaging equipment and administering  radiation therapy; performing clinical tests on specimens of bodily fluids and tissues; preparing medications and other pharmaceutical compounds under the guidance of pharmacists; designing, fitting, servicing and repairing medical and dental devices and appliances; providing nursing and personal care and midwifery support services; using herbal and other therapies based on theories, beliefs and experiences originating in specific cultures.",3,Technicians and Associate Professionals,"Major group:
Technicians and Associate Professionals

Sub-major group:
Health Associate Professionals

Definition:
Health associate professionals perform technical and practical tasks to support diagnosis and treatment of illness, disease, injuries and impairments in humans and animals, and to support implementation of health care, treatment and referral plans usually established by medical, veterinary, nursing and other health professionals. Competent performance in most occupations in this sub-major group requires skills at the third ISCO skill level.

Tasks include:
Tasks performed by workers in the sub-major group usually include: testing and operating medical imaging equipment and administering  radiation therapy; performing clinical tests on specimens of bodily fluids and tissues; preparing medications and other pharmaceutical compounds under the guidance of pharmacists; designing, fitting, servicing and repairing medical and dental devices and appliances; providing nursing and personal care and midwifery support services; using herbal and other therapies based on theories, beliefs and experiences originating in specific cultures."
33,Business and Administration Associate Professionals,"Business and administration associate professionals perform mostly technical tasks connected with the practical application of knowledge relating to financial accounting and transaction matters, mathematical calculations, human resource development, selling and buying financial instruments, specialized secretarial tasks, and enforcing or applying government rules. Also included are workers who provide business services such as customs clearance, conference planning, job placements, buying and selling real estate or bulk commodities, and serving as agents for performers such as athletes and artists. Competent performance in most occupations in this sub-major group requires skills at the third ISCO skill level.","Tasks performed by workers in this sub-major group usually include: recording and transmitting buy and sell orders for securities, stocks, bonds or other financial instruments and for foreign exchange for future or immediate delivery; submitting credit and loan applications to management with recommendations for approval or rejection; approving or rejecting applications within authorized limits ensuring that credit standards of the institution are respected; maintaining complete records of all financial transactions of an undertaking according to general bookkeeping principles, with guidance from accountants; assisting in planning and performing mathematical, statistical, actuarial, accounting and related calculations; selling and buying financial instruments.",3,Technicians and Associate Professionals,"Major group:
Technicians and Associate Professionals

Sub-major group:
Business and Administration Associate Professionals

Definition:
Business and administration associate professionals perform mostly technical tasks connected with the practical application of knowledge relating to financial accounting and transaction matters, mathematical calculations, human resource development, selling and buying financial instruments, specialized secretarial tasks, and enforcing or applying government rules. Also included are workers who provide business services such as customs clearance, conference planning, job placements, buying and selling real estate or bulk commodities, and serving as agents for performers such as athletes and artists. Competent performance in most occupations in this sub-major group requires skills at the third ISCO skill level.

Tasks include:
Tasks performed by workers in this sub-major group usually include: recording and transmitting buy and sell orders for securities, stocks, bonds or other financial instruments and for foreign exchange for future or immediate delivery; submitting credit and loan applications to management with recommendations for approval or rejection; approving or rejecting applications within authorized limits ensuring that credit standards of the institution are respected; maintaining complete records of all financial transactions of an undertaking according to general bookkeeping principles, with guidance from accountants; assisting in planning and performing mathematical, statistical, actuarial, accounting and related calculations; selling and buying financial instruments."
34,"Legal, Social, Cultural and Related Associate Professionals","Legal, social, cultural and related associate professionals perform technical tasks connected with the practical application of knowledge relating to legal services, social work, culture, food preparation, sport and religion. Competent performance in most occupations in this sub-major group requires skills at the third ISCO skill level.","Tasks performed by workers in this sub-major group usually include: providing technical and practical services and support functions in legal processes and investigations, social and community assistance programmes, and religious and cultural activities; participating and adjudicating in sporting events; developing and delivering sports coaching, fitness and recreational programmes; combining creative and technical skills in a variety of artistic, cultural and culinary activities; creating dishes and menus and overseeing the preparation of meals.",3,Technicians and Associate Professionals,"Major group:
Technicians and Associate Professionals

Sub-major group:
Legal, Social, Cultural and Related Associate Professionals

Definition:
Legal, social, cultural and related associate professionals perform technical tasks connected with the practical application of knowledge relating to legal services, social work, culture, food preparation, sport and religion. Competent performance in most occupations in this sub-major group requires skills at the third ISCO skill level.

Tasks include:
Tasks performed by workers in this sub-major group usually include: providing technical and practical services and support functions in legal processes and investigations, social and community assistance programmes, and religious and cultural activities; participating and adjudicating in sporting events; developing and delivering sports coaching, fitness and recreational programmes; combining creative and technical skills in a variety of artistic, cultural and culinary activities; creating dishes and menus and overseeing the preparation of meals."
35,Information and Communications Technicians,"Information and communications technicians provide support for the day-to-day running of computer systems, communications systems and networks and perform technical tasks related to telecommunications, broadcast of image and sound as well as other types of telecommunications signals on land, sea or in aircraft. Competent performance in most occupations in this sub-major group requires skills at the third ISCO skill level.","Tasks performed by workers in this sub-major group usually include: providing assistance to information and communications systems users; installing new programmes and equipment; establishing, operating and maintaining network and other data communications systems; installing, monitoring and supporting Internet and Intranet websites or web server hardware or software, modifying web pages; and performing web server backup and recovery operations; controlling equipment to record sound and edit and mix image and sound recordings; controlling and maintaining transmitting and broadcast systems and satellite systems for radio and television programmes; controlling and maintaining radio communications systems, satellite services and multiplex systems on land, sea or in aircraft; providing technical assistance connected with research and the development of computer systems and telecommunications equipment, or testing prototypes; designing and preparing blueprints of circuitry according to the specifications given; providing technical supervision of the manufacture, utilization, maintenance and repair of telecommunications systems.",3,Technicians and Associate Professionals,"Major group:
Technicians and Associate Professionals

Sub-major group:
Information and Communications Technicians

Definition:
Information and communications technicians provide support for the day-to-day running of computer systems, communications systems and networks and perform technical tasks related to telecommunications, broadcast of image and sound as well as other types of telecommunications signals on land, sea or in aircraft. Competent performance in most occupations in this sub-major group requires skills at the third ISCO skill level.

Tasks include:
Tasks performed by workers in this sub-major group usually include: providing assistance to information and communications systems users; installing new programmes and equipment; establishing, operating and maintaining network and other data communications systems; installing, monitoring and supporting Internet and Intranet websites or web server hardware or software, modifying web pages; and performing web server backup and recovery operations; controlling equipment to record sound and edit and mix image and sound recordings; controlling and maintaining transmitting and broadcast systems and satellite systems for radio and television programmes; controlling and maintaining radio communications systems, satellite services and multiplex systems on land, sea or in aircraft; providing technical assistance connected with research and the development of computer systems and telecommunications equipment, or testing prototypes; designing and preparing blueprints of circuitry according to the specifications given; providing technical supervision of the manufacture, utilization, maintenance and repair of telecommunications systems."
41,General and Keyboard Clerks,"General and keyboard clerks record, organize, store and retrieve information and perform a wide range of clerical and administrative tasks according to established procedures. Competent performance in most occupations in this sub-major group requires skills at the second ISCO skill level.","Tasks performed by workers in this sub-major group usually include: recording, preparing, sorting, classifying and filing information; sorting, opening and sending mail; preparing reports and correspondence of a routine nature; photocopying and faxing documents; operating personal computers, word-processors or typewriters to record, input and process text and data; proofreading and correcting copy; preparing invoices and checking figures.",4,Clerical Support Workers,"Major group:
Clerical Support Workers

Sub-major group:
General and Keyboard Clerks

Definition:
General and keyboard clerks record, organize, store and retrieve information and perform a wide range of clerical and administrative tasks according to established procedures. Competent performance in most occupations in this sub-major group requires skills at the second ISCO skill level.

Tasks include:
Tasks performed by workers in this sub-major group usually include: recording, preparing, sorting, classifying and filing information; sorting, opening and sending mail; preparing reports and correspondence of a routine nature; photocopying and faxing documents; operating personal computers, word-processors or typewriters to record, input and process text and data; proofreading and correcting copy; preparing invoices and checking figures."
42,Customer Services Clerks,"Customer services clerks deal with clients in connection with money-handling operations, travel arrangements, requests for information, making appointments, operating telephone switchboards, and interviewing for surveys or to complete applications for eligibility for services. Competent performance in most occupations in this sub-major group requires skills at the second ISCO skill level.","Tasks performed by workers in this sub-major group usually include: performing money-handling operations in banks, post offices and betting and gambling establishments, or dealing with travel arrangements; supplying information requested by clients and making appointments; operating telephone switchboards; greeting and receiving visitors; interviewing survey respondents; interviewing applicants for services.",4,Clerical Support Workers,"Major group:
Clerical Support Workers

Sub-major group:
Customer Services Clerks

Definition:
Customer services clerks deal with clients in connection with money-handling operations, travel arrangements, requests for information, making appointments, operating telephone switchboards, and interviewing for surveys or to complete applications for eligibility for services. Competent performance in most occupations in this sub-major group requires skills at the second ISCO skill level.

Tasks include:
Tasks performed by workers in this sub-major group usually include: performing money-handling operations in banks, post offices and betting and gambling establishments, or dealing with travel arrangements; supplying information requested by clients and making appointments; operating telephone switchboards; greeting and receiving visitors; interviewing survey respondents; interviewing applicants for services."
43,Numerical and Material Recording Clerks,"Numerical and material recording clerks obtain, compile and compute accounting, bookkeeping, statistical, financial, and other numerical data, and take charge of cash transactions incidental to business matters. Some occupations classified here keep records of goods produced, purchased, stocked, dispatched, and of materials needed at specified production dates, or keep records of operational aspects and coordinate the timing of passenger and freight transport. Competent performance in most occupations in this sub-major group requires skills at the second ISCO skill level.","Tasks performed by workers in this sub-major group usually include: helping with accounting and bookkeeping records and computations; calculating unit production costs; calculating wages and in some cases preparing wage packets and paying wages, taking charge of cash transactions incidental to the business; obtaining, compiling and computing statistical or actuarial data; performing clerical tasks relating to the financial transactions of an insurance establishment, bank or similar establishment; recording produced, stocked, ordered and dispatched goods; recording production materials received, put into stock or issued; computing quantities of the production materials required at specified dates and helping with preparation and checking of production operation schedules; keeping records of operational aspects and coordinating the timing of passenger and freight transport.",4,Clerical Support Workers,"Major group:
Clerical Support Workers

Sub-major group:
Numerical and Material Recording Clerks

Definition:
Numerical and material recording clerks obtain, compile and compute accounting, bookkeeping, statistical, financial, and other numerical data, and take charge of cash transactions incidental to business matters. Some occupations classified here keep records of goods produced, purchased, stocked, dispatched, and of materials needed at specified production dates, or keep records of operational aspects and coordinate the timing of passenger and freight transport. Competent performance in most occupations in this sub-major group requires skills at the second ISCO skill level.

Tasks include:
Tasks performed by workers in this sub-major group usually include: helping with accounting and bookkeeping records and computations; calculating unit production costs; calculating wages and in some cases preparing wage packets and paying wages, taking charge of cash transactions incidental to the business; obtaining, compiling and computing statistical or actuarial data; performing clerical tasks relating to the financial transactions of an insurance establishment, bank or similar establishment; recording produced, stocked, ordered and dispatched goods; recording production materials received, put into stock or issued; computing quantities of the production materials required at specified dates and helping with preparation and checking of production operation schedules; keeping records of operational aspects and coordinating the timing of passenger and freight transport."
44,Other Clerical Support Workers,"Other clerical support workers sort and deliver mail, file documents, prepare information for processing, maintain personnel records, check material for consistency with original source material, assist persons who cannot read or write, and perform various other specialized clerical duties. Competent performance in most occupations in this sub-major group requires skills at the second ISCO skill level.","Tasks performed by workers in this sub-major group usually include: recording information regarding acquisition, issue and return of library books; classifying and filing various documents and other records; maintaining personnel records; sorting, recording and delivering mail from post offices, as well as from or within an enterprise; coding; correcting proofs; performing a range of miscellaneous clerical duties; writing on behalf of persons who are unable to read or write.",4,Clerical Support Workers,"Major group:
Clerical Support Workers

Sub-major group:
Other Clerical Support Workers

Definition:
Other clerical support workers sort and deliver mail, file documents, prepare information for processing, maintain personnel records, check material for consistency with original source material, assist persons who cannot read or write, and perform various other specialized clerical duties. Competent performance in most occupations in this sub-major group requires skills at the second ISCO skill level.

Tasks include:
Tasks performed by workers in this sub-major group usually include: recording information regarding acquisition, issue and return of library books; classifying and filing various documents and other records; maintaining personnel records; sorting, recording and delivering mail from post offices, as well as from or within an enterprise; coding; correcting proofs; performing a range of miscellaneous clerical duties; writing on behalf of persons who are unable to read or write."
51,Personal Service Workers,"Personal service workers provide personal services related to travel, housekeeping, catering and hospitality, hairdressing and beauty treatment, animal care grooming and training, companionship and other services of a personal nature. Competent performance in most occupations in this sub-major group requires skills at the second ISCO skill level.","Tasks performed by workers in this sub-major group usually include:  organizing and providing of services in connection with travel and sightseeing; housekeeping; preparing and serving food and beverages; hairdressing and beauty treatment; telling fortunes; embalming and arranging funerals; grooming, caring for and training animals; teaching people to drive motor vehicles; providing companionship and other personal services. Supervision of other workers may be included.",5,Service and Sales Workers,"Major group:
Service and Sales Workers

Sub-major group:
Personal Service Workers

Definition:
Personal service workers provide personal services related to travel, housekeeping, catering and hospitality, hairdressing and beauty treatment, animal care grooming and training, companionship and other services of a personal nature. Competent performance in most occupations in this sub-major group requires skills at the second ISCO skill level.

Tasks include:
Tasks performed by workers in this sub-major group usually include:  organizing and providing of services in connection with travel and sightseeing; housekeeping; preparing and serving food and beverages; hairdressing and beauty treatment; telling fortunes; embalming and arranging funerals; grooming, caring for and training animals; teaching people to drive motor vehicles; providing companionship and other personal services. Supervision of other workers may be included."
52,Sales Workers,"Sales workers sell and demonstrate goods in wholesale or retail shops, at stalls and markets, door-to-door, via telephone or customer contact centres. They may record and accept payment for goods and services purchased, and may operate small retail outlets. Competent performance in most occupations in this sub-major group requires skills at the second ISCO skill level.","Tasks performed by workers in this sub-major group  include: selling goods in wholesale or retail establishments, at street or market stalls, door-to- door, via telephone or customer contact centres; demonstrating and displaying goods to potential customers; selling and serving food for immediate consumption at counters and in the street; buying or contracting a regular supply of products to be sold; stacking and displaying goods for sale and wrapping and packing goods sold; determining product mix, stock and price levels for goods to be sold; operating cash registers, optical price scanners, computers or other equipment to record and accept payment for the purchase of goods and  services. Supervision of other workers may be required in some occupations classified  here.",5,Service and Sales Workers,"Major group:
Service and Sales Workers

Sub-major group:
Sales Workers

Definition:
Sales workers sell and demonstrate goods in wholesale or retail shops, at stalls and markets, door-to-door, via telephone or customer contact centres. They may record and accept payment for goods and services purchased, and may operate small retail outlets. Competent performance in most occupations in this sub-major group requires skills at the second ISCO skill level.

Tasks include:
Tasks performed by workers in this sub-major group  include: selling goods in wholesale or retail establishments, at street or market stalls, door-to- door, via telephone or customer contact centres; demonstrating and displaying goods to potential customers; selling and serving food for immediate consumption at counters and in the street; buying or contracting a regular supply of products to be sold; stacking and displaying goods for sale and wrapping and packing goods sold; determining product mix, stock and price levels for goods to be sold; operating cash registers, optical price scanners, computers or other equipment to record and accept payment for the purchase of goods and  services. Supervision of other workers may be required in some occupations classified  here."
53,Personal Care Workers,"Personal care workers provide care, supervision and assistance for children, patients and elderly, convalescent or disabled persons in institutional and residential settings. Competent performance in most occupations in this sub-major group requires skills at the second ISCO skill level.","Tasks performed by workers in this sub-major group usually include: assisting with mobility, washing and other personal needs; assisting children individually to learn social skills; supervising and participating in activities that enhance  children’s physical, social, emotional and intellectual development; observing and reporting concerns to appropriate health or social service workers.",5,Service and Sales Workers,"Major group:
Service and Sales Workers

Sub-major group:
Personal Care Workers

Definition:
Personal care workers provide care, supervision and assistance for children, patients and elderly, convalescent or disabled persons in institutional and residential settings. Competent performance in most occupations in this sub-major group requires skills at the second ISCO skill level.

Tasks include:
Tasks performed by workers in this sub-major group usually include: assisting with mobility, washing and other personal needs; assisting children individually to learn social skills; supervising and participating in activities that enhance  children’s physical, social, emotional and intellectual development; observing and reporting concerns to appropriate health or social service workers."
54,Protective Services Workers,"Protective services workers protect individuals and property against fire and other hazards, maintain law and order and enforce laws and regulations. Competent performance in most occupations in this sub-major group requires skills at the second ISCO skill level.","Tasks performed by workers in this sub-major group usually include: preventing, fighting and extinguishing fires; rescuing people from burning buildings and accident sites and those trapped in dangerous situations; maintaining law and order, enforcing laws and regulations, patrolling public areas and arresting suspected offenders; directing traffic and assuming authority in the event of accidents; watching over and maintaining order among inmates of prisons, reformatories or penitentiaries; patrolling or monitoring premises to guard property against theft and vandalism, controlling access to establishments and maintaining order and enforcing regulations at public events and within establishments. Supervision of other workers may be included.",5,Service and Sales Workers,"Major group:
Service and Sales Workers

Sub-major group:
Protective Services Workers

Definition:
Protective services workers protect individuals and property against fire and other hazards, maintain law and order and enforce laws and regulations. Competent performance in most occupations in this sub-major group requires skills at the second ISCO skill level.

Tasks include:
Tasks performed by workers in this sub-major group usually include: preventing, fighting and extinguishing fires; rescuing people from burning buildings and accident sites and those trapped in dangerous situations; maintaining law and order, enforcing laws and regulations, patrolling public areas and arresting suspected offenders; directing traffic and assuming authority in the event of accidents; watching over and maintaining order among inmates of prisons, reformatories or penitentiaries; patrolling or monitoring premises to guard property against theft and vandalism, controlling access to establishments and maintaining order and enforcing regulations at public events and within establishments. Supervision of other workers may be included."
61,Market-oriented Skilled Agricultural Workers,"Market-oriented skilled agricultural workers plan, organize and perform farming operations to grow and harvest field or tree and shrub crops and produce a variety of animals and animal products for sale or delivery on a regular basis to wholesale buyers, marketing organisations or at markets. Competent performance in most occupations in this sub-major group requires skills at the second ISCO skill level.","Tasks performed by workers in this sub-major group usually include: preparing the soil; sowing, planting, spraying, fertilizing and harvesting field crops; growing fruit and other tree and shrub crops; growing garden vegetables and horticultural products; raising, breeding and tending animals mainly to obtain meat, milk, hair, fur, skin, or sericultural, apiarian or other products; storing and carrying out some processing of produce; selling their products to purchasers, marketing organizations or at markets. Supervision of other workers may be included.",6,"Skilled Agricultural, Forestry and Fishery Workers","Major group:
Skilled Agricultural, Forestry and Fishery Workers

Sub-major group:
Market-oriented Skilled Agricultural Workers

Definition:
Market-oriented skilled agricultural workers plan, organize and perform farming operations to grow and harvest field or tree and shrub crops and produce a variety of animals and animal products for sale or delivery on a regular basis to wholesale buyers, marketing organisations or at markets. Competent performance in most occupations in this sub-major group requires skills at the second ISCO skill level.

Tasks include:
Tasks performed by workers in this sub-major group usually include: preparing the soil; sowing, planting, spraying, fertilizing and harvesting field crops; growing fruit and other tree and shrub crops; growing garden vegetables and horticultural products; raising, breeding and tending animals mainly to obtain meat, milk, hair, fur, skin, or sericultural, apiarian or other products; storing and carrying out some processing of produce; selling their products to purchasers, marketing organizations or at markets. Supervision of other workers may be included."
62,"Market-Oriented Skilled Forestry, Fishery and Hunting Workers","Market-oriented skilled forestry, fishery and hunting workers plan, organize and perform operations to cultivate, conserve and exploit natural and plantation forests, breed and raise fish, harvest and catch fish; and hunt and trap animals, for sale or delivery on a regular basis to wholesale buyers, marketing organizations or at markets. Competent performance in most occupations in this sub-major group requires skills at the second ISCO skill level.","Tasks performed by workers in this sub-major group usually include: renting or investing, equipment and machinery and purchasing supplies; planning and undertaking forestry, aquaculture, fishery and hunting operations; maintaining buildings, tanks, machinery and other equipment; delivering or marketing products; supervising and training other workers.",6,"Skilled Agricultural, Forestry and Fishery Workers","Major group:
Skilled Agricultural, Forestry and Fishery Workers

Sub-major group:
Market-Oriented Skilled Forestry, Fishery and Hunting Workers

Definition:
Market-oriented skilled forestry, fishery and hunting workers plan, organize and perform operations to cultivate, conserve and exploit natural and plantation forests, breed and raise fish, harvest and catch fish; and hunt and trap animals, for sale or delivery on a regular basis to wholesale buyers, marketing organizations or at markets. Competent performance in most occupations in this sub-major group requires skills at the second ISCO skill level.

Tasks include:
Tasks performed by workers in this sub-major group usually include: renting or investing, equipment and machinery and purchasing supplies; planning and undertaking forestry, aquaculture, fishery and hunting operations; maintaining buildings, tanks, machinery and other equipment; delivering or marketing products; supervising and training other workers."
63,"Subsistence Farmers, Fishers, Hunters and Gatherers","Subsistence farmers, fishers, hunters and gatherers grow and harvest field or tree and shrub crops, vegetables and fruit, gather wild fruits, medicinal and other plants, tend or hunt animals, catch fish and gather various forms of aquatic life in order to provide food, shelter and, in some cases, a minimum of cash income for themselves and their households. Competent performance in most occupations in this sub-major group requires skills at the second ISCO skill level.","Tasks performed by workers in this sub-major group usually include: preparing the soil; sowing, planting, tending and harvesting field crops; growing vegetables, fruit and other tree and shrub crops; gathering wild fruits and medicinal and other plants; breeding, tending and feeding animals and poultry mainly to obtain meat, eggs, milk, hair, skin or other products; hunting or trapping animals; catching fish and gathering other forms of aquatic life; fetching water and gathering firewood; storing produce for later use and carrying out some processing of produce; building and maintaining houses and other shelters; making tools, clothes and utensils for use by the household; selling or bartering some products at local markets.",6,"Skilled Agricultural, Forestry and Fishery Workers","Major group:
Skilled Agricultural, Forestry and Fishery Workers

Sub-major group:
Subsistence Farmers, Fishers, Hunters and Gatherers

Definition:
Subsistence farmers, fishers, hunters and gatherers grow and harvest field or tree and shrub crops, vegetables and fruit, gather wild fruits, medicinal and other plants, tend or hunt animals, catch fish and gather various forms of aquatic life in order to provide food, shelter and, in some cases, a minimum of cash income for themselves and their households. Competent performance in most occupations in this sub-major group requires skills at the second ISCO skill level.

Tasks include:
Tasks performed by workers in this sub-major group usually include: preparing the soil; sowing, planting, tending and harvesting field crops; growing vegetables, fruit and other tree and shrub crops; gathering wild fruits and medicinal and other plants; breeding, tending and feeding animals and poultry mainly to obtain meat, eggs, milk, hair, skin or other products; hunting or trapping animals; catching fish and gathering other forms of aquatic life; fetching water and gathering firewood; storing produce for later use and carrying out some processing of produce; building and maintaining houses and other shelters; making tools, clothes and utensils for use by the household; selling or bartering some products at local markets."
71,Building and Related Trades Workers (excluding Electricians),"Building and related trades workers construct, maintain and repair buildings, erect and repair foundations, walls and structures of brick, stone and similar materials; shape and finish stone for building and other purposes. Competent performance in most occupations in this sub-major group requires skills at the second ISCO skill level.
The work is carried out by hand and by hand-powered and other tools which are used to reduce the amount of physical effort and time required for specific tasks, as well as to improve the quality of the products. The tasks call for an understanding of the work organization, the materials and tools used, and the nature and purpose of the final product. ","Tasks performed by workers in this sub-major group usually include: constructing, maintaining and repairing buildings and other structures, using traditional and/or modern building techniques; constructing and repairing foundations, walls and structures of brick, stone and similar materials; breaking quarried stone into slabs or blocks; cutting, shaping and finishing stone for building, ornamental, monumental and other purposes; erecting reinforced concrete frameworks and structures as well as finishing and repairing cement surfaces; cutting, shaping, assembling and maintaining wooden structures and fittings; performing miscellaneous construction and building maintenance tasks. Supervision of other workers may be included.",7,Craft and Related Trades Workers,"Major group:
Craft and Related Trades Workers

Sub-major group:
Building and Related Trades Workers (excluding Electricians)

Definition:
Building and related trades workers construct, maintain and repair buildings, erect and repair foundations, walls and structures of brick, stone and similar materials; shape and finish stone for building and other purposes. Competent performance in most occupations in this sub-major group requires skills at the second ISCO skill level.
The work is carried out by hand and by hand-powered and other tools which are used to reduce the amount of physical effort and time required for specific tasks, as well as to improve the quality of the products. The tasks call for an understanding of the work organization, the materials and tools used, and the nature and purpose of the final product. 

Tasks include:
Tasks performed by workers in this sub-major group usually include: constructing, maintaining and repairing buildings and other structures, using traditional and/or modern building techniques; constructing and repairing foundations, walls and structures of brick, stone and similar materials; breaking quarried stone into slabs or blocks; cutting, shaping and finishing stone for building, ornamental, monumental and other purposes; erecting reinforced concrete frameworks and structures as well as finishing and repairing cement surfaces; cutting, shaping, assembling and maintaining wooden structures and fittings; performing miscellaneous construction and building maintenance tasks. Supervision of other workers may be included."
72,"Metal, Machinery and Related Trades Workers","Metal, machinery and related trades workers cast, weld, forge and, by other methods, form metal; erect, maintain and repair heavy metal structures; engage in machine-tool setting as well as in fitting, maintaining and repairing machinery, including engines, vehicles, or they produce tools and various non-precious-metal articles. Competent performance in most occupations in this sub-major group requires skills at the second ISCO skill level.
The work is carried out by hand and by hand-powered and other tools which are used to reduce the amount of physical effort and time required for specific tasks, as well as to improve the quality of the products. The tasks call for an understanding of the work organisation, the materials and tools used, and the nature and purpose of the final product.","Tasks performed by workers in this sub-major group usually include: making moulds and cores for casting metal; casting, welding and shaping metal; installing, erecting, maintaining and repairing heavy metal structures, tackle and related equipment; forging and forming steel and other non-precious metals to make and repair machinery, tools, equipment and other articles; setting for operators or setting and operating various machine tools; fitting, maintaining and repairing industrial machinery, including engines and vehicles. Supervision of other workers may be included.",7,Craft and Related Trades Workers,"Major group:
Craft and Related Trades Workers

Sub-major group:
Metal, Machinery and Related Trades Workers

Definition:
Metal, machinery and related trades workers cast, weld, forge and, by other methods, form metal; erect, maintain and repair heavy metal structures; engage in machine-tool setting as well as in fitting, maintaining and repairing machinery, including engines, vehicles, or they produce tools and various non-precious-metal articles. Competent performance in most occupations in this sub-major group requires skills at the second ISCO skill level.
The work is carried out by hand and by hand-powered and other tools which are used to reduce the amount of physical effort and time required for specific tasks, as well as to improve the quality of the products. The tasks call for an understanding of the work organisation, the materials and tools used, and the nature and purpose of the final product.

Tasks include:
Tasks performed by workers in this sub-major group usually include: making moulds and cores for casting metal; casting, welding and shaping metal; installing, erecting, maintaining and repairing heavy metal structures, tackle and related equipment; forging and forming steel and other non-precious metals to make and repair machinery, tools, equipment and other articles; setting for operators or setting and operating various machine tools; fitting, maintaining and repairing industrial machinery, including engines and vehicles. Supervision of other workers may be included."
73,Handicraft and Printing Workers,"Handicraft and printing workers combine artistic and manual skills to design, produce, maintain and decorate precision instruments, musical instruments, jewellery and other precious-metals, pottery, porcelain and glassware, items made of wood or textile, leather or related materials, and printed products such as books, newspapers and magazines. They apply traditional and/or recently developed techniques to carve, mould, assemble, weave and decorate various articles; to compose and set type prior to printing; to set up and operate printing presses; to bind and finish printed products; and to prepare stencils and operate screen printing equipment. Competent performance in most occupations in this sub-major group requires skills at the second ISCO skill level.

The work may be carried out by hand or involve the use of hand tools, hand-held power tools and in some cases the set-up and operation of machinery and machine tools. The tasks call for an understanding of the work organisation, the materials and tools used, and the nature and purpose of the final product.","Tasks performed by workers in this sub-major group usually include: making and repairing nautical, meteorological, optical and other precision instruments and equipment; making and repairing musical instruments; making jewellery and precious metalware; making pottery, porcelain ware, ceramics and glassware; painting and decorating various articles; producing handicraft articles in wood or textile, leather and related materials; performing printing or book-binding tasks. Supervision of other workers may be included.",7,Craft and Related Trades Workers,"Major group:
Craft and Related Trades Workers

Sub-major group:
Handicraft and Printing Workers

Definition:
Handicraft and printing workers combine artistic and manual skills to design, produce, maintain and decorate precision instruments, musical instruments, jewellery and other precious-metals, pottery, porcelain and glassware, items made of wood or textile, leather or related materials, and printed products such as books, newspapers and magazines. They apply traditional and/or recently developed techniques to carve, mould, assemble, weave and decorate various articles; to compose and set type prior to printing; to set up and operate printing presses; to bind and finish printed products; and to prepare stencils and operate screen printing equipment. Competent performance in most occupations in this sub-major group requires skills at the second ISCO skill level.

The work may be carried out by hand or involve the use of hand tools, hand-held power tools and in some cases the set-up and operation of machinery and machine tools. The tasks call for an understanding of the work organisation, the materials and tools used, and the nature and purpose of the final product.

Tasks include:
Tasks performed by workers in this sub-major group usually include: making and repairing nautical, meteorological, optical and other precision instruments and equipment; making and repairing musical instruments; making jewellery and precious metalware; making pottery, porcelain ware, ceramics and glassware; painting and decorating various articles; producing handicraft articles in wood or textile, leather and related materials; performing printing or book-binding tasks. Supervision of other workers may be included."
74,Electrical and Electronics Trades Workers,"Electrical and electronics trades workers install, fit and maintain electrical wiring systems and machinery and other electrical apparatus, electrical transmission and supply lines and cables, and electronic and telecommunications equipment and systems. Competent performance in most occupations in this sub-major group requires skills at the second ISCO skill level.

The work is carried out by hand and by hand-powered and other tools which are used to reduce the amount of physical effort and time required for specific tasks, as well as to improve the quality of the products. The tasks call for an understanding of the work organisation, the materials and tools used, and the nature and purpose of the final product.","Tasks performed by workers in this sub-major group usually include: installing, maintaining, fitting and adjusting electrical and electronic wiring systems, machinery and equipment; examining blueprints, wiring diagrams and specifications to determine sequences and methods of operation; inspecting and testing electrical and electronic systems, equipment, cables and machinery to identify hazards, defects, and the need for adjustment or repair; installing, maintaining and repairing electrical and telecommunications transmission lines; joining electrical, telecommunications and data cables; maintaining, troubleshooting, fitting, adjusting, testing and repairing electronic equipment such as commercial and office machines and electronic instruments and control systems, computers, telecommunications and data transmission equipment.",7,Craft and Related Trades Workers,"Major group:
Craft and Related Trades Workers

Sub-major group:
Electrical and Electronics Trades Workers

Definition:
Electrical and electronics trades workers install, fit and maintain electrical wiring systems and machinery and other electrical apparatus, electrical transmission and supply lines and cables, and electronic and telecommunications equipment and systems. Competent performance in most occupations in this sub-major group requires skills at the second ISCO skill level.

The work is carried out by hand and by hand-powered and other tools which are used to reduce the amount of physical effort and time required for specific tasks, as well as to improve the quality of the products. The tasks call for an understanding of the work organisation, the materials and tools used, and the nature and purpose of the final product.

Tasks include:
Tasks performed by workers in this sub-major group usually include: installing, maintaining, fitting and adjusting electrical and electronic wiring systems, machinery and equipment; examining blueprints, wiring diagrams and specifications to determine sequences and methods of operation; inspecting and testing electrical and electronic systems, equipment, cables and machinery to identify hazards, defects, and the need for adjustment or repair; installing, maintaining and repairing electrical and telecommunications transmission lines; joining electrical, telecommunications and data cables; maintaining, troubleshooting, fitting, adjusting, testing and repairing electronic equipment such as commercial and office machines and electronic instruments and control systems, computers, telecommunications and data transmission equipment."
75,"Food Processing, Woodworking, Garment and Other Craft and Related Trades Workers","Food processing, woodworking, garment and other craft and related trades workers treat and process agricultural and fisheries raw materials into food and other products, and produce and repair goods made of wood, textiles, fur, leather or other materials. Competent performance in most occupations in this sub-major group requires skills at the second ISCO skill level.

The work is carried out by hand and by hand-powered and other tools which are used to reduce the amount of physical effort and time required for specific tasks, as well as to improve the quality of the products.  The tasks call for an understanding of the work organization, the materials and tools used, and the nature and purpose of the final product.","Tasks performed by workers in this sub-major group usually include: treating and processing meat, fish, grain, fruit, vegetables and related materials into food stuffs, and tobacco into tobacco products; tasting and grading food products and beverages; treating and processing natural fibres, skins and hides; making and repairing furniture and other goods made of wood; preparing hides, skins and pelts for further use; making and repairing textiles, garments, hats, shoes and related products. Supervision of other workers may be included.",7,Craft and Related Trades Workers,"Major group:
Craft and Related Trades Workers

Sub-major group:
Food Processing, Woodworking, Garment and Other Craft and Related Trades Workers

Definition:
Food processing, woodworking, garment and other craft and related trades workers treat and process agricultural and fisheries raw materials into food and other products, and produce and repair goods made of wood, textiles, fur, leather or other materials. Competent performance in most occupations in this sub-major group requires skills at the second ISCO skill level.

The work is carried out by hand and by hand-powered and other tools which are used to reduce the amount of physical effort and time required for specific tasks, as well as to improve the quality of the products.  The tasks call for an understanding of the work organization, the materials and tools used, and the nature and purpose of the final product.

Tasks include:
Tasks performed by workers in this sub-major group usually include: treating and processing meat, fish, grain, fruit, vegetables and related materials into food stuffs, and tobacco into tobacco products; tasting and grading food products and beverages; treating and processing natural fibres, skins and hides; making and repairing furniture and other goods made of wood; preparing hides, skins and pelts for further use; making and repairing textiles, garments, hats, shoes and related products. Supervision of other workers may be included."
81,Stationary Plant and Machine Operators,"Stationary plant and machine operators monitor and operate stationary industrial plant, machinery and equipment, or for which mobility is not an integral part of operation. Competent performance in most occupations in this sub-major group requires skills at the second ISCO skill level.

The work mainly calls for experience with and an understanding of the industrial plant, machinery or equipment being operated and monitored. Ability to cope with machine-paced operations and to adapt to innovations in machinery and  equipment is often required.","Tasks performed by workers in this sub-major group usually include: setting up, operating and monitoring a variety of stationary plant and machinery; detecting malfunctions and taking corrective action; examining outputs for defects and conformity to specifications and adjusting machine settings accordingly; performing maintenance, repairs and cleaning; recording data and maintaining production records. Supervision of other workers may be included.",8,"Plant and Machine Operators, and Assemblers","Major group:
Plant and Machine Operators, and Assemblers

Sub-major group:
Stationary Plant and Machine Operators

Definition:
Stationary plant and machine operators monitor and operate stationary industrial plant, machinery and equipment, or for which mobility is not an integral part of operation. Competent performance in most occupations in this sub-major group requires skills at the second ISCO skill level.

The work mainly calls for experience with and an understanding of the industrial plant, machinery or equipment being operated and monitored. Ability to cope with machine-paced operations and to adapt to innovations in machinery and  equipment is often required.

Tasks include:
Tasks performed by workers in this sub-major group usually include: setting up, operating and monitoring a variety of stationary plant and machinery; detecting malfunctions and taking corrective action; examining outputs for defects and conformity to specifications and adjusting machine settings accordingly; performing maintenance, repairs and cleaning; recording data and maintaining production records. Supervision of other workers may be included."
82,Assemblers,"Assemblers assemble prefabricated parts or components to form subassemblies, products and equipment, according to procedures strictly laid down. The products worked on may be moved from one worker to the next along assembly lines. Competent performance in most occupations in this sub-major group requires skills at the second ISCO skill level.","Tasks performed by workers in this sub-major group usually include: assembling components into various types of products and equipment, according to strictly laid down procedures; reviewing work orders, specifications, diagrams and drawings to determine materials needed and assembly instructions; recording production and operational data on specified forms; inspecting and testing completed components and assemblies, wiring installations and circuits; rejecting faulty assemblies and components.",8,"Plant and Machine Operators, and Assemblers","Major group:
Plant and Machine Operators, and Assemblers

Sub-major group:
Assemblers

Definition:
Assemblers assemble prefabricated parts or components to form subassemblies, products and equipment, according to procedures strictly laid down. The products worked on may be moved from one worker to the next along assembly lines. Competent performance in most occupations in this sub-major group requires skills at the second ISCO skill level.

Tasks include:
Tasks performed by workers in this sub-major group usually include: assembling components into various types of products and equipment, according to strictly laid down procedures; reviewing work orders, specifications, diagrams and drawings to determine materials needed and assembly instructions; recording production and operational data on specified forms; inspecting and testing completed components and assemblies, wiring installations and circuits; rejecting faulty assemblies and components."
83,Drivers and Mobile Plant Operators,"Drivers and mobile plant operators drive and tend trains and motor vehicles, or drive, operate and monitor industrial and agricultural machinery and equipment, or execute deck duties on board ship and other water-borne craft. Competent performance in most occupations in this sub-major group requires skills at the second ISCO skill level.","Tasks performed by workers in this sub-major group usually include: driving and tending trains and motor vehicles; driving, operating and monitoring mobile industrial and agricultural machinery and equipment; carrying out deck duties on board ship and other water-borne craft.",8,"Plant and Machine Operators, and Assemblers","Major group:
Plant and Machine Operators, and Assemblers

Sub-major group:
Drivers and Mobile Plant Operators

Definition:
Drivers and mobile plant operators drive and tend trains and motor vehicles, or drive, operate and monitor industrial and agricultural machinery and equipment, or execute deck duties on board ship and other water-borne craft. Competent performance in most occupations in this sub-major group requires skills at the second ISCO skill level.

Tasks include:
Tasks performed by workers in this sub-major group usually include: driving and tending trains and motor vehicles; driving, operating and monitoring mobile industrial and agricultural machinery and equipment; carrying out deck duties on board ship and other water-borne craft."
91,Cleaners and Helpers,"Cleaners and helpers perform various tasks in private households, hotels, offices, hospitals and other establishments, as well as in aircraft, trains coaches, trams and similar vehicles, in order to keep the interiors and fixtures clean, and launder and press garments and textiles by hand. Most occupations in this sub-major group require skills at the first ISCO skill level.",Tasks performed by workers in this sub-major group usually include: sweeping or vacuum cleaning; washing and polishing floors; furniture and other objects; taking care of linen and bed-making; helping with preparation of meals and cleaning in kitchens; washing and cleaning cars and windows; pressing or laundering garments and textiles by hand.,9,Elementary Occupations,"Major group:
Elementary Occupations

Sub-major group:
Cleaners and Helpers

Definition:
Cleaners and helpers perform various tasks in private households, hotels, offices, hospitals and other establishments, as well as in aircraft, trains coaches, trams and similar vehicles, in order to keep the interiors and fixtures clean, and launder and press garments and textiles by hand. Most occupations in this sub-major group require skills at the first ISCO skill level.

Tasks include:
Tasks performed by workers in this sub-major group usually include: sweeping or vacuum cleaning; washing and polishing floors; furniture and other objects; taking care of linen and bed-making; helping with preparation of meals and cleaning in kitchens; washing and cleaning cars and windows; pressing or laundering garments and textiles by hand."
92,"Agricultural, Forestry and Fishery Labourers","Agricultural, forestry and fishery labourers perform simple and routine tasks in the production of crops and livestock, cultivation and maintenance of gardens and parks, exploitation and conservation of forests, and conduct of aquaculture and fisheries operations. Most occupations in this sub-major group require skills at the first ISCO skill level.","Tasks performed by workers in this sub-major group usually include: digging, raking and shovelling using hand tools; loading unloading and stacking supplies, produce and other materials; watering, thinning, weeding and tending crops by hand or using hand tools; planting, harvesting picking and collecting produce by hand; feeding, watering, and cleaning animals and keeping their quarters clean; monitoring livestock, reporting on their condition; preparing and operating nets, lines and other fishing tackle and deck equipment; grading, sorting, bunching and packing produce into containers; performing minor repairs on fixtures, buildings, equipment, vessels and fences.",9,Elementary Occupations,"Major group:
Elementary Occupations

Sub-major group:
Agricultural, Forestry and Fishery Labourers

Definition:
Agricultural, forestry and fishery labourers perform simple and routine tasks in the production of crops and livestock, cultivation and maintenance of gardens and parks, exploitation and conservation of forests, and conduct of aquaculture and fisheries operations. Most occupations in this sub-major group require skills at the first ISCO skill level.

Tasks include:
Tasks performed by workers in this sub-major group usually include: digging, raking and shovelling using hand tools; loading unloading and stacking supplies, produce and other materials; watering, thinning, weeding and tending crops by hand or using hand tools; planting, harvesting picking and collecting produce by hand; feeding, watering, and cleaning animals and keeping their quarters clean; monitoring livestock, reporting on their condition; preparing and operating nets, lines and other fishing tackle and deck equipment; grading, sorting, bunching and packing produce into containers; performing minor repairs on fixtures, buildings, equipment, vessels and fences."
93,"Labourers in Mining, Construction, Manufacturing and Transport","Labourers in mining, construction, manufacturing and transport perform simple and routine manual tasks in mining, quarrying, civil engineering, building, manufacturing, transport and storage operations, and operate human-powered and animal-drawn vehicles and machinery. Most occupations in this sub-major group require skills at the first ISCO skill level.","Task performed by workers in this sub-major group usually include: digging holes and spreading excavated materials, sand, soil, and gravel using hand-held tools; sorting, loading, unloading, moving stacking and storing materials, equipment, products, supplies, baggage and cargo by hand; cleaning machinery, equipment, tools and work sites; packing and unpacking material and products and filling containers and shelves with products by hand; operating human-powered and animal-drawn vehicles and machinery",9,Elementary Occupations,"Major group:
Elementary Occupations

Sub-major group:
Labourers in Mining, Construction, Manufacturing and Transport

Definition:
Labourers in mining, construction, manufacturing and transport perform simple and routine manual tasks in mining, quarrying, civil engineering, building, manufacturing, transport and storage operations, and operate human-powered and animal-drawn vehicles and machinery. Most occupations in this sub-major group require skills at the first ISCO skill level.

Tasks include:
Task performed by workers in this sub-major group usually include: digging holes and spreading excavated materials, sand, soil, and gravel using hand-held tools; sorting, loading, unloading, moving stacking and storing materials, equipment, products, supplies, baggage and cargo by hand; cleaning machinery, equipment, tools and work sites; packing and unpacking material and products and filling containers and shelves with products by hand; operating human-powered and animal-drawn vehicles and machinery"
94,Food Preparation Assistants,"Food preparation assistants prepare and cook to order a small variety of pre-cooked food or beverages, clear tables, clean kitchen areas and wash dishes. Most occupations in this sub-major group require skills at the first ISCO skill level.","Tasks performed by workers in this sub- major group usually include: preparing simple or pre-prepared foods and beverages such as sandwiches, pizzas, fish and chips, salads and coffee; washing, cutting, measuring and mixing foods for cooking; operating cooking equipment such as grills, microwaves and deep-fat fryers; cleaning kitchens, food preparation areas and service areas; cleaning cooking and general utensils used in kitchens and restaurants.",9,Elementary Occupations,"Major group:
Elementary Occupations

Sub-major group:
Food Preparation Assistants

Definition:
Food preparation assistants prepare and cook to order a small variety of pre-cooked food or beverages, clear tables, clean kitchen areas and wash dishes. Most occupations in this sub-major group require skills at the first ISCO skill level.

Tasks include:
Tasks performed by workers in this sub- major group usually include: preparing simple or pre-prepared foods and beverages such as sandwiches, pizzas, fish and chips, salads and coffee; washing, cutting, measuring and mixing foods for cooking; operating cooking equipment such as grills, microwaves and deep-fat fryers; cleaning kitchens, food preparation areas and service areas; cleaning cooking and general utensils used in kitchens and restaurants."
95,Street and Related Sales and Service Workers,"Street and related sales and service workers sell goods (excluding food) for immediate consumptions, and provide a variety of services on streets and in other public places such as stations. Most occupations in this sub-major group require skills at the first ISCO skill level.",Tasks performed by workers in this sub-major group usually include: buying or making various items for sale; loading and unloading items for sale and transporting them; obtaining the materials necessary to perform services; approaching people on the street to offer goods or services; cleaning and polishing shoes; cleaning and polishing car windows; running errands; assisting drivers to find a parking place and ensuring car is not damaged during driver’s absence; handing out leaflets and free newspapers; receiving immediate payment.,9,Elementary Occupations,"Major group:
Elementary Occupations

Sub-major group:
Street and Related Sales and Service Workers

Definition:
Street and related sales and service workers sell goods (excluding food) for immediate consumptions, and provide a variety of services on streets and in other public places such as stations. Most occupations in this sub-major group require skills at the first ISCO skill level.

Tasks include:
Tasks performed by workers in this sub-major group usually include: buying or making various items for sale; loading and unloading items for sale and transporting them; obtaining the materials necessary to perform services; approaching people on the street to offer goods or services; cleaning and polishing shoes; cleaning and polishing car windows; running errands; assisting drivers to find a parking place and ensuring car is not damaged during driver’s absence; handing out leaflets and free newspapers; receiving immediate payment."
96,Refuse Workers and Other Elementary Workers,"Refuse workers and other elementary workers collect, process and recycle garbage from buildings, yards, streets and other public places. They keep streets and other public places clean and tidy, deliver and carry messages and packages and perform odd jobs for private households or establishments. Most occupations in this sub-major group require skills at the first ISCO skill level.","Tasks performed by workers in this sub-major group usually include:  collecting, loading and unloading garbage; sweeping streets, parks and other public places; chopping firewood; collecting and carrying firewood, water, packages, luggage and messages; beating dust out of carpets and performing other odd-job tasks.",9,Elementary Occupations,"Major group:
Elementary Occupations

Sub-major group:
Refuse Workers and Other Elementary Workers

Definition:
Refuse workers and other elementary workers collect, process and recycle garbage from buildings, yards, streets and other public places. They keep streets and other public places clean and tidy, deliver and carry messages and packages and perform odd jobs for private households or establishments. Most occupations in this sub-major group require skills at the first ISCO skill level.

Tasks include:
Tasks performed by workers in this sub-major group usually include:  collecting, loading and unloading garbage; sweeping streets, parks and other public places; chopping firewood; collecting and carrying firewood, water, packages, luggage and messages; beating dust out of carpets and performing other odd-job tasks."
01,Commissioned Armed forces Officers,Commissioned armed forces officers provide leadership and management to organizational units in the armed forces and/or perform similar tasks to those performed in a variety of civilian occupations outside the armed forces. This group includes all members of the armed forces holding the rank of second lieutenant (or equivalent) or higher. Competent performance in most occupations in this sub-major group requires skills at the fourth ISCO skill level.,,0,Armed Forces Occupations,"Major group:
Armed Forces Occupations

Sub-major group:
Commissioned Armed forces Officers

Definition:
Commissioned armed forces officers provide leadership and management to organizational units in the armed forces and/or perform similar tasks to those performed in a variety of civilian occupations outside the armed forces. This group includes all members of the armed forces holding the rank of second lieutenant (or equivalent) or higher. Competent performance in most occupations in this sub-major group requires skills at the fourth ISCO skill level.

Tasks include:
"
02,Non-commissioned Armed Forces Officers,"Non-commissioned armed forces officers enforce military discipline and supervise the activities of those employed in Sub-major Group 03: Armed Forces Occupations, Other Ranks, and/or perform similar tasks to those performed in a variety of civilian occupations outside the armed forces. This group includes members of the armed forces holding ranks such as sergeant, warrant officer and sergeant major. Competent performance in most occupations in this sub-major group requires skills at the second ISCO skill level.",,0,Armed Forces Occupations,"Major group:
Armed Forces Occupations

Sub-major group:
Non-commissioned Armed Forces Officers

Definition:
Non-commissioned armed forces officers enforce military discipline and supervise the activities of those employed in Sub-major Group 03: Armed Forces Occupations, Other Ranks, and/or perform similar tasks to those performed in a variety of civilian occupations outside the armed forces. This group includes members of the armed forces holding ranks such as sergeant, warrant officer and sergeant major. Competent performance in most occupations in this sub-major group requires skills at the second ISCO skill level.

Tasks include:
"
03,"Armed Forces Occupations, Other Ranks","Armed forces occupations, other ranks include all conscripted and non-conscripted members of the armed forces except commissioned and non-commissioned officers. They perform specific military tasks and/or perform similar tasks to those performed in a variety of civilian occupations outside the armed forces. Most occupations in this sub-major group require skills at the first ISCO skill level.",,0,Armed Forces Occupations,"Major group:
Armed Forces Occupations

Sub-major group:
Armed Forces Occupations, Other Ranks

Definition:
Armed forces occupations, other ranks include all conscripted and non-conscripted members of the armed forces except commissioned and non-commissioned officers. They perform specific military tasks and/or perform similar tasks to those performed in a variety of civilian occupations outside the armed forces. Most occupations in this sub-major group require skills at the first ISCO skill level.

Tasks include:
"
